STRUCTURE,STRUCTURE_ID,STRUCTURE_NAME,ACTION,REF_AREA,Reference area,MEASURE,Measure,UNIT_MEASURE,Unit of measure,TRANSFORMATION,Transformation,ADJUSTMENT,Adjustment,SEX,Sex,AGE,Age,ACTIVITY,Economic activity,FREQ,Frequency of observation,TIME_PERIOD,Time period,OBS_VALUE,Observation value,BASE_PER,Base period,OBS_STATUS,Observation status,UNIT_MULT,Unit multiplier,DECIMALS,Decimals
DATAFLOW,OECD.SDD.TPS:DSD_LFS@DF_IALFS_INDIC(1.0),Infra-annual labour statistics,I,NLD,Netherlands,UNE_M,Monthly unemployment,PS,Persons,_Z,Not applicable,Y,Calendar and seasonally adjusted,_T,Total,Y_GE15,15 years or over,_Z,Not applicable,A,Annual,2000,,293.75,,,,A,Normal value,3,Thousands,0,Zero
DATAFLOW,OECD.SDD.TPS:DSD_LFS@DF_IALFS_INDIC(1.0),Infra-annual labour statistics,I,ISR,Israel,UNE_M,Monthly unemployment,PS,Persons,_Z,Not applicable,Y,Calendar and seasonally adjusted,_T,Total,Y_GE15,15 years or over,_Z,Not applicable,A,Annual,2000,,213.775,,,,A,Normal value,3,Thousands,0,Zero
DATAFLOW,OECD.SDD.TPS:DSD_LFS@DF_IALFS_INDIC(1.0),Infra-annual labour statistics,I,USA,United States,UNE_M,Monthly unemployment,PS,Persons,_Z,Not applicable,Y,Calendar and seasonally adjusted,_T,Total,Y_GE15,15 years or over,_Z,Not applicable,A,Annual,2000,,5691.917,,,,A,Normal value,3,Thousands,0,Zero
DATAFLOW,OECD.SDD.TPS:DSD_LFS@DF_IALFS_INDIC(1.0),Infra-annual labour statistics,I,KOR,Korea,UNE_M,Monthly unemployment,PS,Persons,_Z,Not applicable,Y,Calendar and seasonally adjusted,_T,Total,Y_GE15,15 years or over,_Z,Not applicable,A,Annual,2000,,978.0084,,,,A,Normal value,3,Thousands,0,Zero
DATAFLOW,OECD.SDD.TPS:DSD_LFS@DF_IALFS_INDIC(1.0),Infra-annual labour statistics,I,AUS,Australia,UNE_M,Monthly unemployment,PS,Persons,_Z,Not applicable,Y,Calendar and seasonally adjusted,_T,Total,Y_GE15,15 years or over,_Z,Not applicable,A,Annual,2000,,595.9728,,,,A,Normal value,3,Thousands,0,Zero
DATAFLOW,OECD.SDD.TPS:DSD_LFS@DF_IALFS_INDIC(1.0),Infra-annual labour statistics,I,NZL,New Zealand,UNE_M,Monthly unemployment,PS,Persons,_Z,Not applicable,Y,Calendar and seasonally adjusted,_T,Total,Y_GE15,15 years or over,_Z,Not applicable,A,Annual,2000,,117.65,,,,A,Normal value,3,Thousands,0,Zero
DATAFLOW,OECD.SDD.TPS:DSD_LFS@DF_IALFS_INDIC(1.0),Infra-annual labour statistics,I,IRL,Ireland,UNE_M,Monthly unemployment,PS,Persons,_Z,Not applicable,Y,Calendar and seasonally adjusted,_T,Total,Y_GE15,15 years or over,_Z,Not applicable,A,Annual,2000,,81.08334,,,,A,Normal value,3,Thousands,0,Zero
DATAFLOW,OECD.SDD.TPS:DSD_LFS@DF_IALFS_INDIC(1.0),Infra-annual labour statistics,I,PRT,Portugal,UNE_M,Monthly unemployment,PS,Persons,_Z,Not applicable,Y,Calendar and seasonally adjusted,_T,Total,Y_GE15,15 years or over,_Z,Not applicable,A,Annual,2000,,261.1667,,,,A,Normal value,3,Thousands,0,Zero
DATAFLOW,OECD.SDD.TPS:DSD_LFS@DF_IALFS_INDIC(1.0),Infra-annual labour statistics,I,JPN,Japan,UNE_M,Monthly unemployment,PS,Persons,_Z,Not applicable,Y,Calendar and seasonally adjusted,_T,Total,Y_GE15,15 years or over,_Z,Not applicable,A,Annual,2000,,3198.333,,,,A,Normal value,3,Thousands,0,Zero
DATAFLOW,OECD.SDD.TPS:DSD_LFS@DF_IALFS_INDIC(1.0),Infra-annual labour statistics,I,HUN,Hungary,UNE_M,Monthly unemployment,PS,Persons,_Z,Not applicable,Y,Calendar and seasonally adjusted,_T,Total,Y_GE15,15 years or over,_Z,Not applicable,A,Annual,2000,,256.1667,,,,A,Normal value,3,Thousands,0,Zero
DATAFLOW,OECD.SDD.TPS:DSD_LFS@DF_IALFS_INDIC(1.0),Infra-annual labour statistics,I,SVK,Slovak Republic,UNE_M,Monthly unemployment,PS,Persons,_Z,Not applicable,Y,Calendar and seasonally adjusted,_T,Total,Y_GE15,15 years or over,_Z,Not applicable,A,Annual,2000,,481.9167,,,,A,Normal value,3,Thousands,0,Zero
DATAFLOW,OECD.SDD.TPS:DSD_LFS@DF_IALFS_INDIC(1.0),Infra-annual labour statistics,I,DNK,Denmark,UNE_M,Monthly unemployment,PS,Persons,_Z,Not applicable,Y,Calendar and seasonally adjusted,_T,Total,Y_GE15,15 years or over,_Z,Not applicable,A,Annual,2000,,122.25,,,,A,Normal value,3,Thousands,0,Zero
DATAFLOW,OECD.SDD.TPS:DSD_LFS@DF_IALFS_INDIC(1.0),Infra-annual labour statistics,I,ITA,Italy,UNE_M,Monthly unemployment,PS,Persons,_Z,Not applicable,Y,Calendar and seasonally adjusted,_T,Total,Y_GE15,15 years or over,_Z,Not applicable,A,Annual,2000,,2407.917,,,,A,Normal value,3,Thousands,0,Zero
DATAFLOW,OECD.SDD.TPS:DSD_LFS@DF_IALFS_INDIC(1.0),Infra-annual labour statistics,I,BEL,Belgium,UNE_M,Monthly unemployment,PS,Persons,_Z,Not applicable,Y,Calendar and seasonally adjusted,_T,Total,Y_GE15,15 years or over,_Z,Not applicable,A,Annual,2000,,301.9167,,,,A,Normal value,3,Thousands,0,Zero
DATAFLOW,OECD.SDD.TPS:DSD_LFS@DF_IALFS_INDIC(1.0),Infra-annual labour statistics,I,GRC,Greece,UNE_M,Monthly unemployment,PS,Persons,_Z,Not applicable,Y,Calendar and seasonally adjusted,_T,Total,Y_GE15,15 years or over,_Z,Not applicable,A,Annual,2000,,516.75,,,,A,Normal value,3,Thousands,0,Zero
DATAFLOW,OECD.SDD.TPS:DSD_LFS@DF_IALFS_INDIC(1.0),Infra-annual labour statistics,I,TUR,TÃ¼rkiye,UNE_M,Monthly unemployment,PS,Persons,_Z,Not applicable,Y,Calendar and seasonally adjusted,_T,Total,Y_GE15,15 years or over,_Z,Not applicable,A,Annual,2000,,1496.5,,,,E,Estimated value,3,Thousands,0,Zero
DATAFLOW,OECD.SDD.TPS:DSD_LFS@DF_IALFS_INDIC(1.0),Infra-annual labour statistics,I,FRA,France,UNE_M,Monthly unemployment,PS,Persons,_Z,Not applicable,Y,Calendar and seasonally adjusted,_T,Total,Y_GE15,15 years or over,_Z,Not applicable,A,Annual,2000,,2527.583,,,,A,Normal value,3,Thousands,0,Zero
DATAFLOW,OECD.SDD.TPS:DSD_LFS@DF_IALFS_INDIC(1.0),Infra-annual labour statistics,I,DEU,Germany,UNE_M,Monthly unemployment,PS,Persons,_Z,Not applicable,Y,Calendar and seasonally adjusted,_T,Total,Y_GE15,15 years or over,_Z,Not applicable,A,Annual,2000,,3177.75,,,,A,Normal value,3,Thousands,0,Zero
DATAFLOW,OECD.SDD.TPS:DSD_LFS@DF_IALFS_INDIC(1.0),Infra-annual labour statistics,I,ESP,Spain,UNE_M,Monthly unemployment,PS,Persons,_Z,Not applicable,Y,Calendar and seasonally adjusted,_T,Total,Y_GE15,15 years or over,_Z,Not applicable,A,Annual,2000,,2095.167,,,,A,Normal value,3,Thousands,0,Zero
DATAFLOW,OECD.SDD.TPS:DSD_LFS@DF_IALFS_INDIC(1.0),Infra-annual labour statistics,I,CZE,Czechia,UNE_M,Monthly unemployment,PS,Persons,_Z,Not applicable,Y,Calendar and seasonally adjusted,_T,Total,Y_GE15,15 years or over,_Z,Not applicable,A,Annual,2000,,454.5,,,,A,Normal value,3,Thousands,0,Zero
DATAFLOW,OECD.SDD.TPS:DSD_LFS@DF_IALFS_INDIC(1.0),Infra-annual labour statistics,I,LUX,Luxembourg,UNE_M,Monthly unemployment,PS,Persons,_Z,Not applicable,Y,Calendar and seasonally adjusted,_T,Total,Y_GE15,15 years or over,_Z,Not applicable,A,Annual,2000,,4.166667,,,,A,Normal value,3,Thousands,0,Zero
DATAFLOW,OECD.SDD.TPS:DSD_LFS@DF_IALFS_INDIC(1.0),Infra-annual labour statistics,I,SWE,Sweden,UNE_M,Monthly unemployment,PS,Persons,_Z,Not applicable,Y,Calendar and seasonally adjusted,_T,Total,Y_GE15,15 years or over,_Z,Not applicable,A,Annual,2000,,253.0833,,,,B,Time series break,3,Thousands,0,Zero
DATAFLOW,OECD.SDD.TPS:DSD_LFS@DF_IALFS_INDIC(1.0),Infra-annual labour statistics,I,AUT,Austria,UNE_M,Monthly unemployment,PS,Persons,_Z,Not applicable,Y,Calendar and seasonally adjusted,_T,Total,Y_GE15,15 years or over,_Z,Not applicable,A,Annual,2000,,148.8333,,,,A,Normal value,3,Thousands,0,Zero
DATAFLOW,OECD.SDD.TPS:DSD_LFS@DF_IALFS_INDIC(1.0),Infra-annual labour statistics,I,GBR,United Kingdom,UNE_M,Monthly unemployment,PS,Persons,_Z,Not applicable,Y,Calendar and seasonally adjusted,_T,Total,Y_GE15,15 years or over,_Z,Not applicable,A,Annual,2000,,1587,,,,A,Normal value,3,Thousands,0,Zero
DATAFLOW,OECD.SDD.TPS:DSD_LFS@DF_IALFS_INDIC(1.0),Infra-annual labour statistics,I,SVN,Slovenia,UNE_M,Monthly unemployment,PS,Persons,_Z,Not applicable,Y,Calendar and seasonally adjusted,_T,Total,Y_GE15,15 years or over,_Z,Not applicable,A,Annual,2000,,64.58334,,,,A,Normal value,3,Thousands,0,Zero
DATAFLOW,OECD.SDD.TPS:DSD_LFS@DF_IALFS_INDIC(1.0),Infra-annual labour statistics,I,CAN,Canada,UNE_M,Monthly unemployment,PS,Persons,_Z,Not applicable,Y,Calendar and seasonally adjusted,_T,Total,Y_GE15,15 years or over,_Z,Not applicable,A,Annual,2000,,1081.783,,,,A,Normal value,3,Thousands,0,Zero
DATAFLOW,OECD.SDD.TPS:DSD_LFS@DF_IALFS_INDIC(1.0),Infra-annual labour statistics,I,POL,Poland,UNE_M,Monthly unemployment,PS,Persons,_Z,Not applicable,Y,Calendar and seasonally adjusted,_T,Total,Y_GE15,15 years or over,_Z,Not applicable,A,Annual,2000,,2780.833,,,,A,Normal value,3,Thousands,0,Zero
DATAFLOW,OECD.SDD.TPS:DSD_LFS@DF_IALFS_INDIC(1.0),Infra-annual labour statistics,I,NOR,Norway,UNE_M,Monthly unemployment,PS,Persons,_Z,Not applicable,Y,Calendar and seasonally adjusted,_T,Total,Y_GE15,15 years or over,_Z,Not applicable,A,Annual,2000,,76.33334,,,,A,Normal value,3,Thousands,0,Zero
DATAFLOW,OECD.SDD.TPS:DSD_LFS@DF_IALFS_INDIC(1.0),Infra-annual labour statistics,I,CHL,Chile,UNE_M,Monthly unemployment,PS,Persons,_Z,Not applicable,Y,Calendar and seasonally adjusted,_T,Total,Y_GE15,15 years or over,_Z,Not applicable,A,Annual,2000,,579.4825,,,,A,Normal value,3,Thousands,0,Zero
DATAFLOW,OECD.SDD.TPS:DSD_LFS@DF_IALFS_INDIC(1.0),Infra-annual labour statistics,I,EST,Estonia,UNE_M,Monthly unemployment,PS,Persons,_Z,Not applicable,Y,Calendar and seasonally adjusted,_T,Total,Y_GE15,15 years or over,_Z,Not applicable,A,Annual,2000,,98.5,,,,A,Normal value,3,Thousands,0,Zero
DATAFLOW,OECD.SDD.TPS:DSD_LFS@DF_IALFS_INDIC(1.0),Infra-annual labour statistics,I,LVA,Latvia,UNE_M,Monthly unemployment,PS,Persons,_Z,Not applicable,Y,Calendar and seasonally adjusted,_T,Total,Y_GE15,15 years or over,_Z,Not applicable,A,Annual,2000,,157.8333,,,,A,Normal value,3,Thousands,0,Zero
DATAFLOW,OECD.SDD.TPS:DSD_LFS@DF_IALFS_INDIC(1.0),Infra-annual labour statistics,I,FIN,Finland,UNE_M,Monthly unemployment,PS,Persons,_Z,Not applicable,Y,Calendar and seasonally adjusted,_T,Total,Y_GE15,15 years or over,_Z,Not applicable,A,Annual,2000,,253.0833,,,,A,Normal value,3,Thousands,0,Zero
DATAFLOW,OECD.SDD.TPS:DSD_LFS@DF_IALFS_INDIC(1.0),Infra-annual labour statistics,I,LTU,Lithuania,UNE_M,Monthly unemployment,PS,Persons,_Z,Not applicable,Y,Calendar and seasonally adjusted,_T,Total,Y_GE15,15 years or over,_Z,Not applicable,A,Annual,2000,,273.5,,,,A,Normal value,3,Thousands,0,Zero
DATAFLOW,OECD.SDD.TPS:DSD_LFS@DF_IALFS_INDIC(1.0),Infra-annual labour statistics,I,BGR,Bulgaria,UNE_M,Monthly unemployment,PS,Persons,_Z,Not applicable,Y,Calendar and seasonally adjusted,_T,Total,Y_GE15,15 years or over,_Z,Not applicable,A,Annual,2000,,560.75,,,,A,Normal value,3,Thousands,0,Zero
DATAFLOW,OECD.SDD.TPS:DSD_LFS@DF_IALFS_INDIC(1.0),Infra-annual labour statistics,I,NZL,New Zealand,EMP_WAP,Employment rate,PT_WAP_SUB,Percentage of working age population in the same subgroup,_Z,Not applicable,Y,Calendar and seasonally adjusted,_T,Total,Y_GE15,15 years or over,_Z,Not applicable,A,Annual,2000,,61.2,,,,A,Normal value,0,Units,1,One
DATAFLOW,OECD.SDD.TPS:DSD_LFS@DF_IALFS_INDIC(1.0),Infra-annual labour statistics,I,CHL,Chile,EMP_WAP,Employment rate,PT_WAP_SUB,Percentage of working age population in the same subgroup,_Z,Not applicable,Y,Calendar and seasonally adjusted,_T,Total,Y_GE15,15 years or over,_Z,Not applicable,A,Annual,2000,,49.12623,,,,A,Normal value,0,Units,1,One
DATAFLOW,OECD.SDD.TPS:DSD_LFS@DF_IALFS_INDIC(1.0),Infra-annual labour statistics,I,ISR,Israel,EMP_WAP,Employment rate,PT_WAP_SUB,Percentage of working age population in the same subgroup,_Z,Not applicable,Y,Calendar and seasonally adjusted,_T,Total,Y_GE15,15 years or over,_Z,Not applicable,A,Annual,2000,,49.50776,,,,A,Normal value,0,Units,1,One
DATAFLOW,OECD.SDD.TPS:DSD_LFS@DF_IALFS_INDIC(1.0),Infra-annual labour statistics,I,CZE,Czechia,UNE_LF_M,Monthly unemployment rate,PT_LF_SUB,Percentage of labour force in the same subgroup,_Z,Not applicable,Y,Calendar and seasonally adjusted,_T,Total,Y_GE15,15 years or over,_Z,Not applicable,A,Annual,2000,,8.775,,,,A,Normal value,0,Units,1,One
DATAFLOW,OECD.SDD.TPS:DSD_LFS@DF_IALFS_INDIC(1.0),Infra-annual labour statistics,I,PRT,Portugal,UNE_LF_M,Monthly unemployment rate,PT_LF_SUB,Percentage of labour force in the same subgroup,_Z,Not applicable,Y,Calendar and seasonally adjusted,_T,Total,Y_GE15,15 years or over,_Z,Not applicable,A,Annual,2000,,5.266667,,,,A,Normal value,0,Units,1,One
DATAFLOW,OECD.SDD.TPS:DSD_LFS@DF_IALFS_INDIC(1.0),Infra-annual labour statistics,I,CZE,Czechia,EMP_WAP,Employment rate,PT_WAP_SUB,Percentage of working age population in the same subgroup,_Z,Not applicable,Y,Calendar and seasonally adjusted,_T,Total,Y_GE15,15 years or over,_Z,Not applicable,A,Annual,2000,,54.825,,,,A,Normal value,0,Units,1,One
DATAFLOW,OECD.SDD.TPS:DSD_LFS@DF_IALFS_INDIC(1.0),Infra-annual labour statistics,I,NZL,New Zealand,OLF_WAP,Inactivity rate,PT_WAP_SUB,Percentage of working age population in the same subgroup,_Z,Not applicable,Y,Calendar and seasonally adjusted,_T,Total,Y_GE15,15 years or over,_Z,Not applicable,A,Annual,2000,,34.76958,,,,A,Normal value,0,Units,1,One
DATAFLOW,OECD.SDD.TPS:DSD_LFS@DF_IALFS_INDIC(1.0),Infra-annual labour statistics,I,CHL,Chile,UNE_LF_M,Monthly unemployment rate,PT_LF_SUB,Percentage of labour force in the same subgroup,_Z,Not applicable,Y,Calendar and seasonally adjusted,_T,Total,Y_GE15,15 years or over,_Z,Not applicable,A,Annual,2000,,9.6675,,,,A,Normal value,0,Units,1,One
DATAFLOW,OECD.SDD.TPS:DSD_LFS@DF_IALFS_INDIC(1.0),Infra-annual labour statistics,I,AUS,Australia,EMP_WAP,Employment rate,PT_WAP_SUB,Percentage of working age population in the same subgroup,_Z,Not applicable,Y,Calendar and seasonally adjusted,_T,Total,Y_GE15,15 years or over,_Z,Not applicable,A,Annual,2000,,59.16964,,,,A,Normal value,0,Units,1,One
DATAFLOW,OECD.SDD.TPS:DSD_LFS@DF_IALFS_INDIC(1.0),Infra-annual labour statistics,I,BEL,Belgium,EMP_WAP,Employment rate,PT_WAP_SUB,Percentage of working age population in the same subgroup,_Z,Not applicable,Y,Calendar and seasonally adjusted,_T,Total,Y_GE15,15 years or over,_Z,Not applicable,A,Annual,2000,,48.525,,,,B,Time series break,0,Units,1,One
DATAFLOW,OECD.SDD.TPS:DSD_LFS@DF_IALFS_INDIC(1.0),Infra-annual labour statistics,I,CHL,Chile,LF_WAP,Labour force participation rate,PT_WAP_SUB,Percentage of working age population in the same subgroup,_Z,Not applicable,Y,Calendar and seasonally adjusted,_T,Total,Y_GE15,15 years or over,_Z,Not applicable,A,Annual,2000,,54.38334,,,,A,Normal value,0,Units,1,One
DATAFLOW,OECD.SDD.TPS:DSD_LFS@DF_IALFS_INDIC(1.0),Infra-annual labour statistics,I,ESP,Spain,EMP_WAP,Employment rate,PT_WAP_SUB,Percentage of working age population in the same subgroup,_Z,Not applicable,Y,Calendar and seasonally adjusted,_T,Total,Y_GE15,15 years or over,_Z,Not applicable,A,Annual,2000,,45.6,,,,B,Time series break,0,Units,1,One
DATAFLOW,OECD.SDD.TPS:DSD_LFS@DF_IALFS_INDIC(1.0),Infra-annual labour statistics,I,FIN,Finland,EMP_WAP,Employment rate,PT_WAP_SUB,Percentage of working age population in the same subgroup,_Z,Not applicable,Y,Calendar and seasonally adjusted,_T,Total,Y_GE15,15 years or over,_Z,Not applicable,A,Annual,2000,,55.4,,,,A,Normal value,0,Units,1,One
DATAFLOW,OECD.SDD.TPS:DSD_LFS@DF_IALFS_INDIC(1.0),Infra-annual labour statistics,I,AUT,Austria,OLF_WAP,Inactivity rate,PT_WAP_SUB,Percentage of working age population in the same subgroup,_Z,Not applicable,Y,Calendar and seasonally adjusted,_T,Total,Y_GE15,15 years or over,_Z,Not applicable,A,Annual,2000,,41.55,,,,A,Normal value,0,Units,1,One
DATAFLOW,OECD.SDD.TPS:DSD_LFS@DF_IALFS_INDIC(1.0),Infra-annual labour statistics,I,DNK,Denmark,OLF_WAP,Inactivity rate,PT_WAP_SUB,Percentage of working age population in the same subgroup,_Z,Not applicable,Y,Calendar and seasonally adjusted,_T,Total,Y_GE15,15 years or over,_Z,Not applicable,A,Annual,2000,,34.475,,,,A,Normal value,0,Units,1,One
DATAFLOW,OECD.SDD.TPS:DSD_LFS@DF_IALFS_INDIC(1.0),Infra-annual labour statistics,I,GBR,United Kingdom,OLF_WAP,Inactivity rate,PT_WAP_SUB,Percentage of working age population in the same subgroup,_Z,Not applicable,Y,Calendar and seasonally adjusted,_T,Total,Y_GE15,15 years or over,_Z,Not applicable,A,Annual,2000,,37.075,,,,A,Normal value,0,Units,1,One
DATAFLOW,OECD.SDD.TPS:DSD_LFS@DF_IALFS_INDIC(1.0),Infra-annual labour statistics,I,ISR,Israel,UNE_LF_M,Monthly unemployment rate,PT_LF_SUB,Percentage of labour force in the same subgroup,_Z,Not applicable,Y,Calendar and seasonally adjusted,_T,Total,Y_GE15,15 years or over,_Z,Not applicable,A,Annual,2000,,8.770606,,,,A,Normal value,0,Units,1,One
DATAFLOW,OECD.SDD.TPS:DSD_LFS@DF_IALFS_INDIC(1.0),Infra-annual labour statistics,I,HUN,Hungary,LF_WAP,Labour force participation rate,PT_WAP_SUB,Percentage of working age population in the same subgroup,_Z,Not applicable,Y,Calendar and seasonally adjusted,_T,Total,Y_GE15,15 years or over,_Z,Not applicable,A,Annual,2000,,49.775,,,,A,Normal value,0,Units,1,One
DATAFLOW,OECD.SDD.TPS:DSD_LFS@DF_IALFS_INDIC(1.0),Infra-annual labour statistics,I,JPN,Japan,LF_WAP,Labour force participation rate,PT_WAP_SUB,Percentage of working age population in the same subgroup,_Z,Not applicable,Y,Calendar and seasonally adjusted,_T,Total,Y_GE15,15 years or over,_Z,Not applicable,A,Annual,2000,,62.51657,,,,A,Normal value,0,Units,1,One
DATAFLOW,OECD.SDD.TPS:DSD_LFS@DF_IALFS_INDIC(1.0),Infra-annual labour statistics,I,CAN,Canada,OLF_WAP,Inactivity rate,PT_WAP_SUB,Percentage of working age population in the same subgroup,_Z,Not applicable,Y,Calendar and seasonally adjusted,_T,Total,Y_GE15,15 years or over,_Z,Not applicable,A,Annual,2000,,34.23945,,,,A,Normal value,0,Units,1,One
DATAFLOW,OECD.SDD.TPS:DSD_LFS@DF_IALFS_INDIC(1.0),Infra-annual labour statistics,I,POL,Poland,OLF_WAP,Inactivity rate,PT_WAP_SUB,Percentage of working age population in the same subgroup,_Z,Not applicable,Y,Calendar and seasonally adjusted,_T,Total,Y_GE15,15 years or over,_Z,Not applicable,A,Annual,2000,,43.425,,,,A,Normal value,0,Units,1,One
DATAFLOW,OECD.SDD.TPS:DSD_LFS@DF_IALFS_INDIC(1.0),Infra-annual labour statistics,I,IRL,Ireland,LF_WAP,Labour force participation rate,PT_WAP_SUB,Percentage of working age population in the same subgroup,_Z,Not applicable,Y,Calendar and seasonally adjusted,_T,Total,Y_GE15,15 years or over,_Z,Not applicable,A,Annual,2000,,59.525,,,,A,Normal value,0,Units,1,One
DATAFLOW,OECD.SDD.TPS:DSD_LFS@DF_IALFS_INDIC(1.0),Infra-annual labour statistics,I,BEL,Belgium,UNE_LF_M,Monthly unemployment rate,PT_LF_SUB,Percentage of labour force in the same subgroup,_Z,Not applicable,Y,Calendar and seasonally adjusted,_T,Total,Y_GE15,15 years or over,_Z,Not applicable,A,Annual,2000,,6.875,,,,A,Normal value,0,Units,1,One
DATAFLOW,OECD.SDD.TPS:DSD_LFS@DF_IALFS_INDIC(1.0),Infra-annual labour statistics,I,NOR,Norway,LF_WAP,Labour force participation rate,PT_WAP_SUB,Percentage of working age population in the same subgroup,_Z,Not applicable,Y,Calendar and seasonally adjusted,_T,Total,Y_GE15,15 years or over,_Z,Not applicable,A,Annual,2000,,73.2,,,,A,Normal value,0,Units,1,One
DATAFLOW,OECD.SDD.TPS:DSD_LFS@DF_IALFS_INDIC(1.0),Infra-annual labour statistics,I,BEL,Belgium,LF_WAP,Labour force participation rate,PT_WAP_SUB,Percentage of working age population in the same subgroup,_Z,Not applicable,Y,Calendar and seasonally adjusted,_T,Total,Y_GE15,15 years or over,_Z,Not applicable,A,Annual,2000,,52.2,,,,B,Time series break,0,Units,1,One
DATAFLOW,OECD.SDD.TPS:DSD_LFS@DF_IALFS_INDIC(1.0),Infra-annual labour statistics,I,SVK,Slovak Republic,EMP_WAP,Employment rate,PT_WAP_SUB,Percentage of working age population in the same subgroup,_Z,Not applicable,Y,Calendar and seasonally adjusted,_T,Total,Y_GE15,15 years or over,_Z,Not applicable,A,Annual,2000,,48.8,,,,A,Normal value,0,Units,1,One
DATAFLOW,OECD.SDD.TPS:DSD_LFS@DF_IALFS_INDIC(1.0),Infra-annual labour statistics,I,USA,United States,UNE_LF_M,Monthly unemployment rate,PT_LF_SUB,Percentage of labour force in the same subgroup,_Z,Not applicable,Y,Calendar and seasonally adjusted,_T,Total,Y_GE15,15 years or over,_Z,Not applicable,A,Annual,2000,,3.991667,,,,A,Normal value,0,Units,1,One
DATAFLOW,OECD.SDD.TPS:DSD_LFS@DF_IALFS_INDIC(1.0),Infra-annual labour statistics,I,DEU,Germany,UNE_LF_M,Monthly unemployment rate,PT_LF_SUB,Percentage of labour force in the same subgroup,_Z,Not applicable,Y,Calendar and seasonally adjusted,_T,Total,Y_GE15,15 years or over,_Z,Not applicable,A,Annual,2000,,8.008333,,,,A,Normal value,0,Units,1,One
DATAFLOW,OECD.SDD.TPS:DSD_LFS@DF_IALFS_INDIC(1.0),Infra-annual labour statistics,I,NOR,Norway,EMP_WAP,Employment rate,PT_WAP_SUB,Percentage of working age population in the same subgroup,_Z,Not applicable,Y,Calendar and seasonally adjusted,_T,Total,Y_GE15,15 years or over,_Z,Not applicable,A,Annual,2000,,70.75,,,,A,Normal value,0,Units,1,One
DATAFLOW,OECD.SDD.TPS:DSD_LFS@DF_IALFS_INDIC(1.0),Infra-annual labour statistics,I,SVK,Slovak Republic,OLF_WAP,Inactivity rate,PT_WAP_SUB,Percentage of working age population in the same subgroup,_Z,Not applicable,Y,Calendar and seasonally adjusted,_T,Total,Y_GE15,15 years or over,_Z,Not applicable,A,Annual,2000,,39.975,,,,A,Normal value,0,Units,1,One
DATAFLOW,OECD.SDD.TPS:DSD_LFS@DF_IALFS_INDIC(1.0),Infra-annual labour statistics,I,CZE,Czechia,LF_WAP,Labour force participation rate,PT_WAP_SUB,Percentage of working age population in the same subgroup,_Z,Not applicable,Y,Calendar and seasonally adjusted,_T,Total,Y_GE15,15 years or over,_Z,Not applicable,A,Annual,2000,,60.15,,,,A,Normal value,0,Units,1,One
DATAFLOW,OECD.SDD.TPS:DSD_LFS@DF_IALFS_INDIC(1.0),Infra-annual labour statistics,I,FIN,Finland,UNE_LF_M,Monthly unemployment rate,PT_LF_SUB,Percentage of labour force in the same subgroup,_Z,Not applicable,Y,Calendar and seasonally adjusted,_T,Total,Y_GE15,15 years or over,_Z,Not applicable,A,Annual,2000,,9.783334,,,,A,Normal value,0,Units,1,One
DATAFLOW,OECD.SDD.TPS:DSD_LFS@DF_IALFS_INDIC(1.0),Infra-annual labour statistics,I,JPN,Japan,OLF_WAP,Inactivity rate,PT_WAP_SUB,Percentage of working age population in the same subgroup,_Z,Not applicable,Y,Calendar and seasonally adjusted,_T,Total,Y_GE15,15 years or over,_Z,Not applicable,A,Annual,2000,,37.48343,,,,A,Normal value,0,Units,1,One
DATAFLOW,OECD.SDD.TPS:DSD_LFS@DF_IALFS_INDIC(1.0),Infra-annual labour statistics,I,HUN,Hungary,EMP_WAP,Employment rate,PT_WAP_SUB,Percentage of working age population in the same subgroup,_Z,Not applicable,Y,Calendar and seasonally adjusted,_T,Total,Y_GE15,15 years or over,_Z,Not applicable,A,Annual,2000,,46.575,,,,A,Normal value,0,Units,1,One
DATAFLOW,OECD.SDD.TPS:DSD_LFS@DF_IALFS_INDIC(1.0),Infra-annual labour statistics,I,LVA,Latvia,UNE_LF_M,Monthly unemployment rate,PT_LF_SUB,Percentage of labour force in the same subgroup,_Z,Not applicable,Y,Calendar and seasonally adjusted,_T,Total,Y_GE15,15 years or over,_Z,Not applicable,A,Annual,2000,,14.34167,,,,A,Normal value,0,Units,1,One
DATAFLOW,OECD.SDD.TPS:DSD_LFS@DF_IALFS_INDIC(1.0),Infra-annual labour statistics,I,CAN,Canada,EMP_WAP,Employment rate,PT_WAP_SUB,Percentage of working age population in the same subgroup,_Z,Not applicable,Y,Calendar and seasonally adjusted,_T,Total,Y_GE15,15 years or over,_Z,Not applicable,A,Annual,2000,,61.275,,,,A,Normal value,0,Units,1,One
DATAFLOW,OECD.SDD.TPS:DSD_LFS@DF_IALFS_INDIC(1.0),Infra-annual labour statistics,I,IRL,Ireland,UNE_LF_M,Monthly unemployment rate,PT_LF_SUB,Percentage of labour force in the same subgroup,_Z,Not applicable,Y,Calendar and seasonally adjusted,_T,Total,Y_GE15,15 years or over,_Z,Not applicable,A,Annual,2000,,4.4,,,,A,Normal value,0,Units,1,One
DATAFLOW,OECD.SDD.TPS:DSD_LFS@DF_IALFS_INDIC(1.0),Infra-annual labour statistics,I,POL,Poland,LF_WAP,Labour force participation rate,PT_WAP_SUB,Percentage of working age population in the same subgroup,_Z,Not applicable,Y,Calendar and seasonally adjusted,_T,Total,Y_GE15,15 years or over,_Z,Not applicable,A,Annual,2000,,56.575,,,,B,Time series break,0,Units,1,One
DATAFLOW,OECD.SDD.TPS:DSD_LFS@DF_IALFS_INDIC(1.0),Infra-annual labour statistics,I,AUS,Australia,LF_WAP,Labour force participation rate,PT_WAP_SUB,Percentage of working age population in the same subgroup,_Z,Not applicable,Y,Calendar and seasonally adjusted,_T,Total,Y_GE15,15 years or over,_Z,Not applicable,A,Annual,2000,,63.13743,,,,A,Normal value,0,Units,1,One
DATAFLOW,OECD.SDD.TPS:DSD_LFS@DF_IALFS_INDIC(1.0),Infra-annual labour statistics,I,FRA,France,UNE_LF_M,Monthly unemployment rate,PT_LF_SUB,Percentage of labour force in the same subgroup,_Z,Not applicable,Y,Calendar and seasonally adjusted,_T,Total,Y_GE15,15 years or over,_Z,Not applicable,A,Annual,2000,,9.558333,,,,A,Normal value,0,Units,1,One
DATAFLOW,OECD.SDD.TPS:DSD_LFS@DF_IALFS_INDIC(1.0),Infra-annual labour statistics,I,ITA,Italy,OLF_WAP,Inactivity rate,PT_WAP_SUB,Percentage of working age population in the same subgroup,_Z,Not applicable,Y,Calendar and seasonally adjusted,_T,Total,Y_GE15,15 years or over,_Z,Not applicable,A,Annual,2000,,51.675,,,,A,Normal value,0,Units,1,One
DATAFLOW,OECD.SDD.TPS:DSD_LFS@DF_IALFS_INDIC(1.0),Infra-annual labour statistics,I,KOR,Korea,EMP_WAP,Employment rate,PT_WAP_SUB,Percentage of working age population in the same subgroup,_Z,Not applicable,Y,Calendar and seasonally adjusted,_T,Total,Y_GE15,15 years or over,_Z,Not applicable,A,Annual,2000,,58.4981,,,,A,Normal value,0,Units,1,One
DATAFLOW,OECD.SDD.TPS:DSD_LFS@DF_IALFS_INDIC(1.0),Infra-annual labour statistics,I,GRC,Greece,OLF_WAP,Inactivity rate,PT_WAP_SUB,Percentage of working age population in the same subgroup,_Z,Not applicable,Y,Calendar and seasonally adjusted,_T,Total,Y_GE15,15 years or over,_Z,Not applicable,A,Annual,2000,,47.825,,,,B,Time series break,0,Units,1,One
DATAFLOW,OECD.SDD.TPS:DSD_LFS@DF_IALFS_INDIC(1.0),Infra-annual labour statistics,I,NLD,Netherlands,EMP_WAP,Employment rate,PT_WAP_SUB,Percentage of working age population in the same subgroup,_Z,Not applicable,Y,Calendar and seasonally adjusted,_T,Total,Y_GE15,15 years or over,_Z,Not applicable,A,Annual,2000,,61.8,,,,A,Normal value,0,Units,1,One
DATAFLOW,OECD.SDD.TPS:DSD_LFS@DF_IALFS_INDIC(1.0),Infra-annual labour statistics,I,ESP,Spain,UNE_LF_M,Monthly unemployment rate,PT_LF_SUB,Percentage of labour force in the same subgroup,_Z,Not applicable,Y,Calendar and seasonally adjusted,_T,Total,Y_GE15,15 years or over,_Z,Not applicable,A,Annual,2000,,11.91667,,,,A,Normal value,0,Units,1,One
DATAFLOW,OECD.SDD.TPS:DSD_LFS@DF_IALFS_INDIC(1.0),Infra-annual labour statistics,I,NOR,Norway,OLF_WAP,Inactivity rate,PT_WAP_SUB,Percentage of working age population in the same subgroup,_Z,Not applicable,Y,Calendar and seasonally adjusted,_T,Total,Y_GE15,15 years or over,_Z,Not applicable,A,Annual,2000,,26.8,,,,A,Normal value,0,Units,1,One
DATAFLOW,OECD.SDD.TPS:DSD_LFS@DF_IALFS_INDIC(1.0),Infra-annual labour statistics,I,ITA,Italy,UNE_LF_M,Monthly unemployment rate,PT_LF_SUB,Percentage of labour force in the same subgroup,_Z,Not applicable,Y,Calendar and seasonally adjusted,_T,Total,Y_GE15,15 years or over,_Z,Not applicable,A,Annual,2000,,10.05,,,,A,Normal value,0,Units,1,One
DATAFLOW,OECD.SDD.TPS:DSD_LFS@DF_IALFS_INDIC(1.0),Infra-annual labour statistics,I,USA,United States,EMP_WAP,Employment rate,PT_WAP_SUB,Percentage of working age population in the same subgroup,_Z,Not applicable,Y,Calendar and seasonally adjusted,_T,Total,Y_GE15,15 years or over,_Z,Not applicable,A,Annual,2000,,64.39167,,,,A,Normal value,0,Units,1,One
DATAFLOW,OECD.SDD.TPS:DSD_LFS@DF_IALFS_INDIC(1.0),Infra-annual labour statistics,I,SVN,Slovenia,EMP_WAP,Employment rate,PT_WAP_SUB,Percentage of working age population in the same subgroup,_Z,Not applicable,Y,Calendar and seasonally adjusted,_T,Total,Y_GE15,15 years or over,_Z,Not applicable,A,Annual,2000,,53.75,,,,A,Normal value,0,Units,1,One
DATAFLOW,OECD.SDD.TPS:DSD_LFS@DF_IALFS_INDIC(1.0),Infra-annual labour statistics,I,GRC,Greece,UNE_LF_M,Monthly unemployment rate,PT_LF_SUB,Percentage of labour force in the same subgroup,_Z,Not applicable,Y,Calendar and seasonally adjusted,_T,Total,Y_GE15,15 years or over,_Z,Not applicable,A,Annual,2000,,11.23333,,,,A,Normal value,0,Units,1,One
DATAFLOW,OECD.SDD.TPS:DSD_LFS@DF_IALFS_INDIC(1.0),Infra-annual labour statistics,I,DNK,Denmark,LF_WAP,Labour force participation rate,PT_WAP_SUB,Percentage of working age population in the same subgroup,_Z,Not applicable,Y,Calendar and seasonally adjusted,_T,Total,Y_GE15,15 years or over,_Z,Not applicable,A,Annual,2000,,65.525,,,,A,Normal value,0,Units,1,One
DATAFLOW,OECD.SDD.TPS:DSD_LFS@DF_IALFS_INDIC(1.0),Infra-annual labour statistics,I,CAN,Canada,UNE_LF_M,Monthly unemployment rate,PT_LF_SUB,Percentage of labour force in the same subgroup,_Z,Not applicable,Y,Calendar and seasonally adjusted,_T,Total,Y_GE15,15 years or over,_Z,Not applicable,A,Annual,2000,,6.816667,,,,A,Normal value,0,Units,1,One
DATAFLOW,OECD.SDD.TPS:DSD_LFS@DF_IALFS_INDIC(1.0),Infra-annual labour statistics,I,EST,Estonia,EMP_WAP,Employment rate,PT_WAP_SUB,Percentage of working age population in the same subgroup,_Z,Not applicable,Y,Calendar and seasonally adjusted,_T,Total,Y_GE15,15 years or over,_Z,Not applicable,A,Annual,2000,,50.725,,,,A,Normal value,0,Units,1,One
DATAFLOW,OECD.SDD.TPS:DSD_LFS@DF_IALFS_INDIC(1.0),Infra-annual labour statistics,I,ISR,Israel,LF_WAP,Labour force participation rate,PT_WAP_SUB,Percentage of working age population in the same subgroup,_Z,Not applicable,Y,Calendar and seasonally adjusted,_T,Total,Y_GE15,15 years or over,_Z,Not applicable,A,Annual,2000,,54.27008,,,,A,Normal value,0,Units,1,One
DATAFLOW,OECD.SDD.TPS:DSD_LFS@DF_IALFS_INDIC(1.0),Infra-annual labour statistics,I,NLD,Netherlands,LF_WAP,Labour force participation rate,PT_WAP_SUB,Percentage of working age population in the same subgroup,_Z,Not applicable,Y,Calendar and seasonally adjusted,_T,Total,Y_GE15,15 years or over,_Z,Not applicable,A,Annual,2000,,63.7,,,,A,Normal value,0,Units,1,One
DATAFLOW,OECD.SDD.TPS:DSD_LFS@DF_IALFS_INDIC(1.0),Infra-annual labour statistics,I,GBR,United Kingdom,EMP_WAP,Employment rate,PT_WAP_SUB,Percentage of working age population in the same subgroup,_Z,Not applicable,Y,Calendar and seasonally adjusted,_T,Total,Y_GE15,15 years or over,_Z,Not applicable,A,Annual,2000,,59.5,,,,A,Normal value,0,Units,1,One
DATAFLOW,OECD.SDD.TPS:DSD_LFS@DF_IALFS_INDIC(1.0),Infra-annual labour statistics,I,NLD,Netherlands,OLF_WAP,Inactivity rate,PT_WAP_SUB,Percentage of working age population in the same subgroup,_Z,Not applicable,Y,Calendar and seasonally adjusted,_T,Total,Y_GE15,15 years or over,_Z,Not applicable,A,Annual,2000,,36.3,,,,A,Normal value,0,Units,1,One
DATAFLOW,OECD.SDD.TPS:DSD_LFS@DF_IALFS_INDIC(1.0),Infra-annual labour statistics,I,AUT,Austria,LF_WAP,Labour force participation rate,PT_WAP_SUB,Percentage of working age population in the same subgroup,_Z,Not applicable,Y,Calendar and seasonally adjusted,_T,Total,Y_GE15,15 years or over,_Z,Not applicable,A,Annual,2000,,58.45,,,,A,Normal value,0,Units,1,One
DATAFLOW,OECD.SDD.TPS:DSD_LFS@DF_IALFS_INDIC(1.0),Infra-annual labour statistics,I,LUX,Luxembourg,UNE_LF_M,Monthly unemployment rate,PT_LF_SUB,Percentage of labour force in the same subgroup,_Z,Not applicable,Y,Calendar and seasonally adjusted,_T,Total,Y_GE15,15 years or over,_Z,Not applicable,A,Annual,2000,,2.233333,,,,A,Normal value,0,Units,1,One
DATAFLOW,OECD.SDD.TPS:DSD_LFS@DF_IALFS_INDIC(1.0),Infra-annual labour statistics,I,AUS,Australia,UNE_LF_M,Monthly unemployment rate,PT_LF_SUB,Percentage of labour force in the same subgroup,_Z,Not applicable,Y,Calendar and seasonally adjusted,_T,Total,Y_GE15,15 years or over,_Z,Not applicable,A,Annual,2000,,6.285546,,,,A,Normal value,0,Units,1,One
DATAFLOW,OECD.SDD.TPS:DSD_LFS@DF_IALFS_INDIC(1.0),Infra-annual labour statistics,I,BEL,Belgium,OLF_WAP,Inactivity rate,PT_WAP_SUB,Percentage of working age population in the same subgroup,_Z,Not applicable,Y,Calendar and seasonally adjusted,_T,Total,Y_GE15,15 years or over,_Z,Not applicable,A,Annual,2000,,47.8,,,,A,Normal value,0,Units,1,One
DATAFLOW,OECD.SDD.TPS:DSD_LFS@DF_IALFS_INDIC(1.0),Infra-annual labour statistics,I,IRL,Ireland,EMP_WAP,Employment rate,PT_WAP_SUB,Percentage of working age population in the same subgroup,_Z,Not applicable,Y,Calendar and seasonally adjusted,_T,Total,Y_GE15,15 years or over,_Z,Not applicable,A,Annual,2000,,56.925,,,,A,Normal value,0,Units,1,One
DATAFLOW,OECD.SDD.TPS:DSD_LFS@DF_IALFS_INDIC(1.0),Infra-annual labour statistics,I,POL,Poland,UNE_LF_M,Monthly unemployment rate,PT_LF_SUB,Percentage of labour force in the same subgroup,_Z,Not applicable,Y,Calendar and seasonally adjusted,_T,Total,Y_GE15,15 years or over,_Z,Not applicable,A,Annual,2000,,16.075,,,,A,Normal value,0,Units,1,One
DATAFLOW,OECD.SDD.TPS:DSD_LFS@DF_IALFS_INDIC(1.0),Infra-annual labour statistics,I,SWE,Sweden,UNE_LF_M,Monthly unemployment rate,PT_LF_SUB,Percentage of labour force in the same subgroup,_Z,Not applicable,Y,Calendar and seasonally adjusted,_T,Total,Y_GE15,15 years or over,_Z,Not applicable,A,Annual,2000,,5.6,,,,B,Time series break,0,Units,1,One
DATAFLOW,OECD.SDD.TPS:DSD_LFS@DF_IALFS_INDIC(1.0),Infra-annual labour statistics,I,CZE,Czechia,OLF_WAP,Inactivity rate,PT_WAP_SUB,Percentage of working age population in the same subgroup,_Z,Not applicable,Y,Calendar and seasonally adjusted,_T,Total,Y_GE15,15 years or over,_Z,Not applicable,A,Annual,2000,,39.85,,,,A,Normal value,0,Units,1,One
DATAFLOW,OECD.SDD.TPS:DSD_LFS@DF_IALFS_INDIC(1.0),Infra-annual labour statistics,I,FIN,Finland,LF_WAP,Labour force participation rate,PT_WAP_SUB,Percentage of working age population in the same subgroup,_Z,Not applicable,Y,Calendar and seasonally adjusted,_T,Total,Y_GE15,15 years or over,_Z,Not applicable,A,Annual,2000,,61.425,,,,A,Normal value,0,Units,1,One
DATAFLOW,OECD.SDD.TPS:DSD_LFS@DF_IALFS_INDIC(1.0),Infra-annual labour statistics,I,HUN,Hungary,OLF_WAP,Inactivity rate,PT_WAP_SUB,Percentage of working age population in the same subgroup,_Z,Not applicable,Y,Calendar and seasonally adjusted,_T,Total,Y_GE15,15 years or over,_Z,Not applicable,A,Annual,2000,,50.225,,,,A,Normal value,0,Units,1,One
DATAFLOW,OECD.SDD.TPS:DSD_LFS@DF_IALFS_INDIC(1.0),Infra-annual labour statistics,I,DNK,Denmark,EMP_WAP,Employment rate,PT_WAP_SUB,Percentage of working age population in the same subgroup,_Z,Not applicable,Y,Calendar and seasonally adjusted,_T,Total,Y_GE15,15 years or over,_Z,Not applicable,A,Annual,2000,,62.5,,,,A,Normal value,0,Units,1,One
DATAFLOW,OECD.SDD.TPS:DSD_LFS@DF_IALFS_INDIC(1.0),Infra-annual labour statistics,I,AUS,Australia,OLF_WAP,Inactivity rate,PT_WAP_SUB,Percentage of working age population in the same subgroup,_Z,Not applicable,Y,Calendar and seasonally adjusted,_T,Total,Y_GE15,15 years or over,_Z,Not applicable,A,Annual,2000,,36.86257,,,,A,Normal value,0,Units,1,One
DATAFLOW,OECD.SDD.TPS:DSD_LFS@DF_IALFS_INDIC(1.0),Infra-annual labour statistics,I,SVK,Slovak Republic,LF_WAP,Labour force participation rate,PT_WAP_SUB,Percentage of working age population in the same subgroup,_Z,Not applicable,Y,Calendar and seasonally adjusted,_T,Total,Y_GE15,15 years or over,_Z,Not applicable,A,Annual,2000,,60.025,,,,A,Normal value,0,Units,1,One
DATAFLOW,OECD.SDD.TPS:DSD_LFS@DF_IALFS_INDIC(1.0),Infra-annual labour statistics,I,AUT,Austria,UNE_LF_M,Monthly unemployment rate,PT_LF_SUB,Percentage of labour force in the same subgroup,_Z,Not applicable,Y,Calendar and seasonally adjusted,_T,Total,Y_GE15,15 years or over,_Z,Not applicable,A,Annual,2000,,3.933333,,,,A,Normal value,0,Units,1,One
DATAFLOW,OECD.SDD.TPS:DSD_LFS@DF_IALFS_INDIC(1.0),Infra-annual labour statistics,I,NZL,New Zealand,UNE_LF_M,Monthly unemployment rate,PT_LF_SUB,Percentage of labour force in the same subgroup,_Z,Not applicable,Y,Calendar and seasonally adjusted,_T,Total,Y_GE15,15 years or over,_Z,Not applicable,A,Annual,2000,,6.15,,,,A,Normal value,0,Units,1,One
DATAFLOW,OECD.SDD.TPS:DSD_LFS@DF_IALFS_INDIC(1.0),Infra-annual labour statistics,I,ISR,Israel,OLF_WAP,Inactivity rate,PT_WAP_SUB,Percentage of working age population in the same subgroup,_Z,Not applicable,Y,Calendar and seasonally adjusted,_T,Total,Y_GE15,15 years or over,_Z,Not applicable,A,Annual,2000,,45.72992,,,,A,Normal value,0,Units,1,One
DATAFLOW,OECD.SDD.TPS:DSD_LFS@DF_IALFS_INDIC(1.0),Infra-annual labour statistics,I,JPN,Japan,EMP_WAP,Employment rate,PT_WAP_SUB,Percentage of working age population in the same subgroup,_Z,Not applicable,Y,Calendar and seasonally adjusted,_T,Total,Y_GE15,15 years or over,_Z,Not applicable,A,Annual,2000,,59.56055,,,,A,Normal value,0,Units,1,One
DATAFLOW,OECD.SDD.TPS:DSD_LFS@DF_IALFS_INDIC(1.0),Infra-annual labour statistics,I,GRC,Greece,LF_WAP,Labour force participation rate,PT_WAP_SUB,Percentage of working age population in the same subgroup,_Z,Not applicable,Y,Calendar and seasonally adjusted,_T,Total,Y_GE15,15 years or over,_Z,Not applicable,A,Annual,2000,,52.175,,,,B,Time series break,0,Units,1,One
DATAFLOW,OECD.SDD.TPS:DSD_LFS@DF_IALFS_INDIC(1.0),Infra-annual labour statistics,I,KOR,Korea,OLF_WAP,Inactivity rate,PT_WAP_SUB,Percentage of working age population in the same subgroup,_Z,Not applicable,Y,Calendar and seasonally adjusted,_T,Total,Y_GE15,15 years or over,_Z,Not applicable,A,Annual,2000,,38.79851,,,,A,Normal value,0,Units,1,One
DATAFLOW,OECD.SDD.TPS:DSD_LFS@DF_IALFS_INDIC(1.0),Infra-annual labour statistics,I,PRT,Portugal,EMP_WAP,Employment rate,PT_WAP_SUB,Percentage of working age population in the same subgroup,_Z,Not applicable,Y,Calendar and seasonally adjusted,_T,Total,Y_GE15,15 years or over,_Z,Not applicable,A,Annual,2000,,58.625,,,,A,Normal value,0,Units,1,One
DATAFLOW,OECD.SDD.TPS:DSD_LFS@DF_IALFS_INDIC(1.0),Infra-annual labour statistics,I,EST,Estonia,OLF_WAP,Inactivity rate,PT_WAP_SUB,Percentage of working age population in the same subgroup,_Z,Not applicable,Y,Calendar and seasonally adjusted,_T,Total,Y_GE15,15 years or over,_Z,Not applicable,A,Annual,2000,,40.6,,,,A,Normal value,0,Units,1,One
DATAFLOW,OECD.SDD.TPS:DSD_LFS@DF_IALFS_INDIC(1.0),Infra-annual labour statistics,I,GRC,Greece,EMP_WAP,Employment rate,PT_WAP_SUB,Percentage of working age population in the same subgroup,_Z,Not applicable,Y,Calendar and seasonally adjusted,_T,Total,Y_GE15,15 years or over,_Z,Not applicable,A,Annual,2000,,46.25,,,,B,Time series break,0,Units,1,One
DATAFLOW,OECD.SDD.TPS:DSD_LFS@DF_IALFS_INDIC(1.0),Infra-annual labour statistics,I,GBR,United Kingdom,UNE_LF_M,Monthly unemployment rate,PT_LF_SUB,Percentage of labour force in the same subgroup,_Z,Not applicable,Y,Calendar and seasonally adjusted,_T,Total,Y_GE15,15 years or over,_Z,Not applicable,A,Annual,2000,,5.45,,,,A,Normal value,0,Units,1,One
DATAFLOW,OECD.SDD.TPS:DSD_LFS@DF_IALFS_INDIC(1.0),Infra-annual labour statistics,I,NLD,Netherlands,UNE_LF_M,Monthly unemployment rate,PT_LF_SUB,Percentage of labour force in the same subgroup,_Z,Not applicable,Y,Calendar and seasonally adjusted,_T,Total,Y_GE15,15 years or over,_Z,Not applicable,A,Annual,2000,,3.666667,,,,A,Normal value,0,Units,1,One
DATAFLOW,OECD.SDD.TPS:DSD_LFS@DF_IALFS_INDIC(1.0),Infra-annual labour statistics,I,KOR,Korea,UNE_LF_M,Monthly unemployment rate,PT_LF_SUB,Percentage of labour force in the same subgroup,_Z,Not applicable,Y,Calendar and seasonally adjusted,_T,Total,Y_GE15,15 years or over,_Z,Not applicable,A,Annual,2000,,4.425,,,,A,Normal value,0,Units,1,One
DATAFLOW,OECD.SDD.TPS:DSD_LFS@DF_IALFS_INDIC(1.0),Infra-annual labour statistics,I,ESP,Spain,LF_WAP,Labour force participation rate,PT_WAP_SUB,Percentage of working age population in the same subgroup,_Z,Not applicable,Y,Calendar and seasonally adjusted,_T,Total,Y_GE15,15 years or over,_Z,Not applicable,A,Annual,2000,,52.95,,,,B,Time series break,0,Units,1,One
DATAFLOW,OECD.SDD.TPS:DSD_LFS@DF_IALFS_INDIC(1.0),Infra-annual labour statistics,I,USA,United States,LF_WAP,Labour force participation rate,PT_WAP_SUB,Percentage of working age population in the same subgroup,_Z,Not applicable,Y,Calendar and seasonally adjusted,_T,Total,Y_GE15,15 years or over,_Z,Not applicable,A,Annual,2000,,67.075,,,,A,Normal value,0,Units,1,One
DATAFLOW,OECD.SDD.TPS:DSD_LFS@DF_IALFS_INDIC(1.0),Infra-annual labour statistics,I,CHL,Chile,OLF_WAP,Inactivity rate,PT_WAP_SUB,Percentage of working age population in the same subgroup,_Z,Not applicable,Y,Calendar and seasonally adjusted,_T,Total,Y_GE15,15 years or over,_Z,Not applicable,A,Annual,2000,,45.61666,,,,A,Normal value,0,Units,1,One
DATAFLOW,OECD.SDD.TPS:DSD_LFS@DF_IALFS_INDIC(1.0),Infra-annual labour statistics,I,NZL,New Zealand,LF_WAP,Labour force participation rate,PT_WAP_SUB,Percentage of working age population in the same subgroup,_Z,Not applicable,Y,Calendar and seasonally adjusted,_T,Total,Y_GE15,15 years or over,_Z,Not applicable,A,Annual,2000,,65.225,,,,A,Normal value,0,Units,1,One
DATAFLOW,OECD.SDD.TPS:DSD_LFS@DF_IALFS_INDIC(1.0),Infra-annual labour statistics,I,ITA,Italy,EMP_WAP,Employment rate,PT_WAP_SUB,Percentage of working age population in the same subgroup,_Z,Not applicable,Y,Calendar and seasonally adjusted,_T,Total,Y_GE15,15 years or over,_Z,Not applicable,A,Annual,2000,,43.2,,,,A,Normal value,0,Units,1,One
DATAFLOW,OECD.SDD.TPS:DSD_LFS@DF_IALFS_INDIC(1.0),Infra-annual labour statistics,I,SVN,Slovenia,UNE_LF_M,Monthly unemployment rate,PT_LF_SUB,Percentage of labour force in the same subgroup,_Z,Not applicable,Y,Calendar and seasonally adjusted,_T,Total,Y_GE15,15 years or over,_Z,Not applicable,A,Annual,2000,,6.741667,,,,A,Normal value,0,Units,1,One
DATAFLOW,OECD.SDD.TPS:DSD_LFS@DF_IALFS_INDIC(1.0),Infra-annual labour statistics,I,GBR,United Kingdom,LF_WAP,Labour force participation rate,PT_WAP_SUB,Percentage of working age population in the same subgroup,_Z,Not applicable,Y,Calendar and seasonally adjusted,_T,Total,Y_GE15,15 years or over,_Z,Not applicable,A,Annual,2000,,62.93017,,,,A,Normal value,0,Units,1,One
DATAFLOW,OECD.SDD.TPS:DSD_LFS@DF_IALFS_INDIC(1.0),Infra-annual labour statistics,I,POL,Poland,EMP_WAP,Employment rate,PT_WAP_SUB,Percentage of working age population in the same subgroup,_Z,Not applicable,Y,Calendar and seasonally adjusted,_T,Total,Y_GE15,15 years or over,_Z,Not applicable,A,Annual,2000,,47.475,,,,B,Time series break,0,Units,1,One
DATAFLOW,OECD.SDD.TPS:DSD_LFS@DF_IALFS_INDIC(1.0),Infra-annual labour statistics,I,USA,United States,OLF_WAP,Inactivity rate,PT_WAP_SUB,Percentage of working age population in the same subgroup,_Z,Not applicable,Y,Calendar and seasonally adjusted,_T,Total,Y_GE15,15 years or over,_Z,Not applicable,A,Annual,2000,,32.92443,,,,A,Normal value,0,Units,1,One
DATAFLOW,OECD.SDD.TPS:DSD_LFS@DF_IALFS_INDIC(1.0),Infra-annual labour statistics,I,ITA,Italy,LF_WAP,Labour force participation rate,PT_WAP_SUB,Percentage of working age population in the same subgroup,_Z,Not applicable,Y,Calendar and seasonally adjusted,_T,Total,Y_GE15,15 years or over,_Z,Not applicable,A,Annual,2000,,48.325,,,,A,Normal value,0,Units,1,One
DATAFLOW,OECD.SDD.TPS:DSD_LFS@DF_IALFS_INDIC(1.0),Infra-annual labour statistics,I,IRL,Ireland,OLF_WAP,Inactivity rate,PT_WAP_SUB,Percentage of working age population in the same subgroup,_Z,Not applicable,Y,Calendar and seasonally adjusted,_T,Total,Y_GE15,15 years or over,_Z,Not applicable,A,Annual,2000,,40.475,,,,A,Normal value,0,Units,1,One
DATAFLOW,OECD.SDD.TPS:DSD_LFS@DF_IALFS_INDIC(1.0),Infra-annual labour statistics,I,HUN,Hungary,UNE_LF_M,Monthly unemployment rate,PT_LF_SUB,Percentage of labour force in the same subgroup,_Z,Not applicable,Y,Calendar and seasonally adjusted,_T,Total,Y_GE15,15 years or over,_Z,Not applicable,A,Annual,2000,,6.266667,,,,A,Normal value,0,Units,1,One
DATAFLOW,OECD.SDD.TPS:DSD_LFS@DF_IALFS_INDIC(1.0),Infra-annual labour statistics,I,JPN,Japan,UNE_LF_M,Monthly unemployment rate,PT_LF_SUB,Percentage of labour force in the same subgroup,_Z,Not applicable,Y,Calendar and seasonally adjusted,_T,Total,Y_GE15,15 years or over,_Z,Not applicable,A,Annual,2000,,4.716667,,,,A,Normal value,0,Units,1,One
DATAFLOW,OECD.SDD.TPS:DSD_LFS@DF_IALFS_INDIC(1.0),Infra-annual labour statistics,I,MEX,Mexico,UNE_LF_M,Monthly unemployment rate,PT_LF_SUB,Percentage of labour force in the same subgroup,_Z,Not applicable,Y,Calendar and seasonally adjusted,_T,Total,Y_GE15,15 years or over,_Z,Not applicable,A,Annual,2000,,2.505833,,,,A,Normal value,0,Units,1,One
DATAFLOW,OECD.SDD.TPS:DSD_LFS@DF_IALFS_INDIC(1.0),Infra-annual labour statistics,I,PRT,Portugal,LF_WAP,Labour force participation rate,PT_WAP_SUB,Percentage of working age population in the same subgroup,_Z,Not applicable,Y,Calendar and seasonally adjusted,_T,Total,Y_GE15,15 years or over,_Z,Not applicable,A,Annual,2000,,61.1,,,,A,Normal value,0,Units,1,One
DATAFLOW,OECD.SDD.TPS:DSD_LFS@DF_IALFS_INDIC(1.0),Infra-annual labour statistics,I,SVN,Slovenia,OLF_WAP,Inactivity rate,PT_WAP_SUB,Percentage of working age population in the same subgroup,_Z,Not applicable,Y,Calendar and seasonally adjusted,_T,Total,Y_GE15,15 years or over,_Z,Not applicable,A,Annual,2000,,42.35,,,,A,Normal value,0,Units,1,One
DATAFLOW,OECD.SDD.TPS:DSD_LFS@DF_IALFS_INDIC(1.0),Infra-annual labour statistics,I,EST,Estonia,UNE_LF_M,Monthly unemployment rate,PT_LF_SUB,Percentage of labour force in the same subgroup,_Z,Not applicable,Y,Calendar and seasonally adjusted,_T,Total,Y_GE15,15 years or over,_Z,Not applicable,A,Annual,2000,,14.45833,,,,A,Normal value,0,Units,1,One
DATAFLOW,OECD.SDD.TPS:DSD_LFS@DF_IALFS_INDIC(1.0),Infra-annual labour statistics,I,SVK,Slovak Republic,UNE_LF_M,Monthly unemployment rate,PT_LF_SUB,Percentage of labour force in the same subgroup,_Z,Not applicable,Y,Calendar and seasonally adjusted,_T,Total,Y_GE15,15 years or over,_Z,Not applicable,A,Annual,2000,,18.90833,,,,A,Normal value,0,Units,1,One
DATAFLOW,OECD.SDD.TPS:DSD_LFS@DF_IALFS_INDIC(1.0),Infra-annual labour statistics,I,EST,Estonia,LF_WAP,Labour force participation rate,PT_WAP_SUB,Percentage of working age population in the same subgroup,_Z,Not applicable,Y,Calendar and seasonally adjusted,_T,Total,Y_GE15,15 years or over,_Z,Not applicable,A,Annual,2000,,59.4,,,,A,Normal value,0,Units,1,One
DATAFLOW,OECD.SDD.TPS:DSD_LFS@DF_IALFS_INDIC(1.0),Infra-annual labour statistics,I,KOR,Korea,LF_WAP,Labour force participation rate,PT_WAP_SUB,Percentage of working age population in the same subgroup,_Z,Not applicable,Y,Calendar and seasonally adjusted,_T,Total,Y_GE15,15 years or over,_Z,Not applicable,A,Annual,2000,,61.20149,,,,A,Normal value,0,Units,1,One
DATAFLOW,OECD.SDD.TPS:DSD_LFS@DF_IALFS_INDIC(1.0),Infra-annual labour statistics,I,SVN,Slovenia,LF_WAP,Labour force participation rate,PT_WAP_SUB,Percentage of working age population in the same subgroup,_Z,Not applicable,Y,Calendar and seasonally adjusted,_T,Total,Y_GE15,15 years or over,_Z,Not applicable,A,Annual,2000,,57.65,,,,A,Normal value,0,Units,1,One
DATAFLOW,OECD.SDD.TPS:DSD_LFS@DF_IALFS_INDIC(1.0),Infra-annual labour statistics,I,DNK,Denmark,UNE_LF_M,Monthly unemployment rate,PT_LF_SUB,Percentage of labour force in the same subgroup,_Z,Not applicable,Y,Calendar and seasonally adjusted,_T,Total,Y_GE15,15 years or over,_Z,Not applicable,A,Annual,2000,,4.325,,,,A,Normal value,0,Units,1,One
DATAFLOW,OECD.SDD.TPS:DSD_LFS@DF_IALFS_INDIC(1.0),Infra-annual labour statistics,I,AUT,Austria,EMP_WAP,Employment rate,PT_WAP_SUB,Percentage of working age population in the same subgroup,_Z,Not applicable,Y,Calendar and seasonally adjusted,_T,Total,Y_GE15,15 years or over,_Z,Not applicable,A,Annual,2000,,56.375,,,,A,Normal value,0,Units,1,One
DATAFLOW,OECD.SDD.TPS:DSD_LFS@DF_IALFS_INDIC(1.0),Infra-annual labour statistics,I,FIN,Finland,OLF_WAP,Inactivity rate,PT_WAP_SUB,Percentage of working age population in the same subgroup,_Z,Not applicable,Y,Calendar and seasonally adjusted,_T,Total,Y_GE15,15 years or over,_Z,Not applicable,A,Annual,2000,,38.575,,,,A,Normal value,0,Units,1,One
DATAFLOW,OECD.SDD.TPS:DSD_LFS@DF_IALFS_INDIC(1.0),Infra-annual labour statistics,I,CAN,Canada,LF_WAP,Labour force participation rate,PT_WAP_SUB,Percentage of working age population in the same subgroup,_Z,Not applicable,Y,Calendar and seasonally adjusted,_T,Total,Y_GE15,15 years or over,_Z,Not applicable,A,Annual,2000,,65.76667,,,,A,Normal value,0,Units,1,One
DATAFLOW,OECD.SDD.TPS:DSD_LFS@DF_IALFS_INDIC(1.0),Infra-annual labour statistics,I,ESP,Spain,OLF_WAP,Inactivity rate,PT_WAP_SUB,Percentage of working age population in the same subgroup,_Z,Not applicable,Y,Calendar and seasonally adjusted,_T,Total,Y_GE15,15 years or over,_Z,Not applicable,A,Annual,2000,,47.05,,,,B,Time series break,0,Units,1,One
DATAFLOW,OECD.SDD.TPS:DSD_LFS@DF_IALFS_INDIC(1.0),Infra-annual labour statistics,I,BGR,Bulgaria,OLF_WAP,Inactivity rate,PT_WAP_SUB,Percentage of working age population in the same subgroup,_Z,Not applicable,Y,Calendar and seasonally adjusted,_T,Total,Y_GE15,15 years or over,_Z,Not applicable,A,Annual,2000,,50.775,,,,A,Normal value,0,Units,1,One
DATAFLOW,OECD.SDD.TPS:DSD_LFS@DF_IALFS_INDIC(1.0),Infra-annual labour statistics,I,BGR,Bulgaria,EMP_WAP,Employment rate,PT_WAP_SUB,Percentage of working age population in the same subgroup,_Z,Not applicable,Y,Calendar and seasonally adjusted,_T,Total,Y_GE15,15 years or over,_Z,Not applicable,A,Annual,2000,,40.875,,,,A,Normal value,0,Units,1,One
DATAFLOW,OECD.SDD.TPS:DSD_LFS@DF_IALFS_INDIC(1.0),Infra-annual labour statistics,I,BGR,Bulgaria,UNE_LF_M,Monthly unemployment rate,PT_LF_SUB,Percentage of labour force in the same subgroup,_Z,Not applicable,Y,Calendar and seasonally adjusted,_T,Total,Y_GE15,15 years or over,_Z,Not applicable,A,Annual,2000,,16.43333,,,,A,Normal value,0,Units,1,One
DATAFLOW,OECD.SDD.TPS:DSD_LFS@DF_IALFS_INDIC(1.0),Infra-annual labour statistics,I,BGR,Bulgaria,LF_WAP,Labour force participation rate,PT_WAP_SUB,Percentage of working age population in the same subgroup,_Z,Not applicable,Y,Calendar and seasonally adjusted,_T,Total,Y_GE15,15 years or over,_Z,Not applicable,A,Annual,2000,,49.225,,,,A,Normal value,0,Units,1,One
DATAFLOW,OECD.SDD.TPS:DSD_LFS@DF_IALFS_INDIC(1.0),Infra-annual labour statistics,I,HRV,Croatia,UNE_LF_M,Monthly unemployment rate,PT_LF_SUB,Percentage of labour force in the same subgroup,_Z,Not applicable,Y,Calendar and seasonally adjusted,_T,Total,Y_GE15,15 years or over,_Z,Not applicable,A,Annual,2000,,15.59167,,,,A,Normal value,0,Units,1,One
DATAFLOW,OECD.SDD.TPS:DSD_LFS@DF_IALFS_INDIC(1.0),Infra-annual labour statistics,I,PRT,Portugal,OLF_WAP,Inactivity rate,PT_WAP_SUB,Percentage of working age population in the same subgroup,_Z,Not applicable,Y,Calendar and seasonally adjusted,_T,Total,Y_GE15,15 years or over,_Z,Not applicable,A,Annual,2000,,38.9,,,,A,Normal value,0,Units,1,One
DATAFLOW,OECD.SDD.TPS:DSD_LFS@DF_IALFS_INDIC(1.0),Infra-annual labour statistics,I,NOR,Norway,UNE_LF_M,Monthly unemployment rate,PT_LF_SUB,Percentage of labour force in the same subgroup,_Z,Not applicable,Y,Calendar and seasonally adjusted,_T,Total,Y_GE15,15 years or over,_Z,Not applicable,A,Annual,2000,,3.241667,,,,A,Normal value,0,Units,1,One
DATAFLOW,OECD.SDD.TPS:DSD_LFS@DF_IALFS_INDIC(1.0),Infra-annual labour statistics,I,HRV,Croatia,UNE_M,Monthly unemployment,PS,Persons,_Z,Not applicable,Y,Calendar and seasonally adjusted,_T,Total,Y_GE15,15 years or over,_Z,Not applicable,A,Annual,2000,,284.25,,,,A,Normal value,3,Thousands,0,Zero
DATAFLOW,OECD.SDD.TPS:DSD_LFS@DF_IALFS_INDIC(1.0),Infra-annual labour statistics,I,LTU,Lithuania,UNE_LF_M,Monthly unemployment rate,PT_LF_SUB,Percentage of labour force in the same subgroup,_Z,Not applicable,Y,Calendar and seasonally adjusted,_T,Total,Y_GE15,15 years or over,_Z,Not applicable,A,Annual,2000,,16.44167,,,,A,Normal value,0,Units,1,One
